{
  "trained": true,
  "n_features": 9,
  "weights": [
    -0.0120440762777392,
    0.6995198552539988,
    0.4339409427652058,
    0.08303918719060673,
    -0.5649976856242827,
    -0.4950992739089037,
    -0.419505000230425,
    0.29889139686088473,
    0.0770291729071319
  ],
  "bias": 0.011511050415136507,
  "train_samples": 20,
  "accuracy": 55.00000000000001
}